<?xml version="1.0" encoding="UTF-8"?>
<!--
   Copyright (c) 2016, WSO2 Inc. (http://www.wso2.org) All Rights Reserved.
   WSO2 Inc. licenses this file to you under the Apache License,
   Version 2.0 (the "License"); you may not use this file except
   in compliance with the License.
   You may obtain a copy of the License at

   http://www.apache.org/licenses/LICENSE-2.0

   Unless required by applicable law or agreed to in writing,
   software distributed under the License is distributed on an
   "AS IS" BASIS, WITHOUT WARRANTIES OR CONDITIONS OF ANY
   KIND, either express or implied.  See the License for the
   specific language governing permissions and limitations
   under the License.
-->
<template name="update" xmlns="http://ws.apache.org/ns/synapse">
    <parameter name="sObjectName" description="The type of sObject"/>
    <parameter name="Id" description="The Id of the sobject will be update"/>
    <parameter name="fieldAndValue" description="The value of the field of a particular sObject"/>
    <sequence>
        <property name="uri.var.sObjectName" expression="$func:sObjectName"/>
        <property name="uri.var.Id" expression="$func:Id"/>
        <property name="uri.var.fieldAndValue" expression="$func:fieldAndValue"/>
        <payloadFactory media-type="json">
            <format>
                $1
            </format>
            <args>
                <arg expression="get-property('uri.var.fieldAndValue')"/>
            </args>
        </payloadFactory>
        <property name="Accept-Encoding" scope="transport" action="remove"/>
        <filter source="$ctx:salesforceRestBlocking" regex="true">
            <then>
                <call blocking="true">
                    <endpoint>
                        <http method="patch"
                              uri-template="{uri.var.apiUrl}/services/data/{uri.var.apiVersion}/sobjects/{uri.var.sObjectName}/{uri.var.Id}">
                            <timeout>
                                <duration>{$ctx:timeout}</duration>
                                <responseAction>fault</responseAction>
                            </timeout>
                            <suspendOnFailure>
                                <errorCodes>-1</errorCodes>
                                <progressionFactor>1.0</progressionFactor>
                            </suspendOnFailure>
                            <markForSuspension>
                                <errorCodes>-1</errorCodes>
                            </markForSuspension>
                        </http>
                    </endpoint>
                </call>
            </then>
            <else>
                <call>
                    <endpoint>
                        <http method="patch"
                              uri-template="{uri.var.apiUrl}/services/data/{uri.var.apiVersion}/sobjects/{uri.var.sObjectName}/{uri.var.Id}">
                            <timeout>
                                <duration>{$ctx:timeout}</duration>
                                <responseAction>fault</responseAction>
                            </timeout>
                            <suspendOnFailure>
                                <errorCodes>-1</errorCodes>
                                <progressionFactor>1.0</progressionFactor>
                            </suspendOnFailure>
                            <markForSuspension>
                                <errorCodes>-1</errorCodes>
                            </markForSuspension>
                        </http>
                    </endpoint>
                </call>
            </else>
        </filter>
    </sequence>
</template>