<?xml version="1.0" encoding="UTF-8"?>
<!--
  ~ Copyright (c) 2016, WSO2 Inc. (http://www.wso2.org) All Rights Reserved.
  ~
  ~ WSO2 Inc. licenses this file to you under the Apache License,
  ~ Version 2.0 (the "License"); you may not use this file except
  ~ in compliance with the License.
  ~ You may obtain a copy of the License at
  ~
  ~    http://www.apache.org/licenses/LICENSE-2.0
  ~
  ~ Unless required by applicable law or agreed to in writing,
  ~ software distributed under the License is distributed on an
  ~ "AS IS" BASIS, WITHOUT WARRANTIES OR CONDITIONS OF ANY
  ~ KIND, either express or implied.  See the License for the
  ~ specific language governing permissions and limitations
  ~ under the License.
  -->
<template name="init" xmlns="http://ws.apache.org/ns/synapse">
    <parameter name="accessToken"
               description="Value of the Access Token to access the api via request"/>
    <parameter name="apiVersion" description="Access token of the organizational account."/>
    <parameter name="hostName" description="Value of the hostname to authenticate salesforce."/>
    <parameter name="refreshToken" description="value of the refresh token."/>
    <parameter name="clientSecret"
               description="Value of your secret key given when you registered your application with salesforce."/>
    <parameter name="clientId"
               description="Value of your API Key given when you registered your application with salesforce."/>
    <parameter name="apiUrl" description="The instance URL for your organization"/>
    <parameter name="registryPath"
               description="Registry Path of the Connector where the values are stored"/>
    <parameter name="intervalTime"
               description="The Interval time to check the accessToken validity"/>
    <parameter name="timeout" description="Timeout duration of the API request."/>
    <parameter name="username" description="The username for the salesforce"/>
    <parameter name="password"
               description="The password for the salesforce which means the password with security key"/>
    <parameter name="blocking" description="Set to true to perform the blocking invocations to Salesforce."/>
    <sequence>
        <property name="uri.var.accessToken" expression="$func:accessToken"/>
        <property name="uri.var.apiVersion" expression="$func:apiVersion"/>
        <property name="uri.var.hostName" expression="$func:hostName"/>
        <property name="uri.var.refreshToken" expression="$func:refreshToken"/>
        <property name="uri.var.clientSecret" expression="$func:clientSecret"/>
        <property name="uri.var.clientId" expression="$func:clientId"/>
        <property name="uri.var.apiUrl" expression="$func:apiUrl"/>
        <property name="uri.var.registryPath" expression="$func:registryPath"/>
        <property name="uri.var.intervalTime" expression="$func:intervalTime"/>
        <property name="uri.var.username" expression="$func:username"/>
        <property name="uri.var.password" expression="$func:password"/>
        <property name="timeout" expression="$func:timeout"/>
        <property name="salesforceRestBlocking" expression="$func:blocking"/>
        <script language="js">
            <![CDATA[
                var timeout = mc.getProperty("uri.var.timeout");
                if (timeout == null || timeout == "") {
                    timeout = 30000;
                }
                mc.setProperty("timeout", timeout.toString());
            ]]>
        </script>
        <filter source="boolean($ctx:uri.var.username) and boolean($ctx:uri.var.password) and boolean($ctx:uri.var.clientSecret) and boolean($ctx:uri.var.clientId)"
                regex="true">
            <then>
                <property name="Accept-Encoding" scope="transport" action="remove"/>
                <property name="NO_ENTITY_BODY" value="true" type="BOOLEAN" scope="axis2"/>
                <payloadFactory media-type="json">
                    <format></format>
                    <args></args>
                </payloadFactory>
                <property name="FORCE_POST_PUT_NOBODY" value="true" scope="axis2" type="BOOLEAN"/>
                <filter source="$ctx:salesforceRestBlocking" regex="true">
                    <then>
                        <call blocking="true">
                            <endpoint>
                                <http method="post"
                                      uri-template="{uri.var.hostName}/services/oauth2/token?grant_type=password&amp;client_id={uri.var.clientId}&amp;client_secret={uri.var.clientSecret}&amp;username={uri.var.username}&amp;password={uri.var.password}">
                                    <timeout>
                                        <duration>{$ctx:timeout}</duration>
                                        <responseAction>fault</responseAction>
                                    </timeout>
                                    <suspendOnFailure>
                                        <errorCodes>-1</errorCodes>
                                        <progressionFactor>1.0</progressionFactor>
                                    </suspendOnFailure>
                                    <markForSuspension>
                                        <errorCodes>-1</errorCodes>
                                    </markForSuspension>
                                </http>
                            </endpoint>
                        </call>
                    </then>
                    <else>
                        <call>
                            <endpoint>
                                <http method="post"
                                      uri-template="{uri.var.hostName}/services/oauth2/token?grant_type=password&amp;client_id={uri.var.clientId}&amp;client_secret={uri.var.clientSecret}&amp;username={uri.var.username}&amp;password={uri.var.password}">
                                    <timeout>
                                        <duration>{$ctx:timeout}</duration>
                                        <responseAction>fault</responseAction>
                                    </timeout>
                                    <suspendOnFailure>
                                        <errorCodes>-1</errorCodes>
                                        <progressionFactor>1.0</progressionFactor>
                                    </suspendOnFailure>
                                    <markForSuspension>
                                        <errorCodes>-1</errorCodes>
                                    </markForSuspension>
                                </http>
                            </endpoint>
                        </call>
                    </else>
                </filter>
                <property name="uri.var.accessToken" expression="json-eval($.access_token)"/>
            </then>
        </filter>
        <filter source="boolean($ctx:uri.var.refreshToken) and boolean($ctx:uri.var.clientSecret) and boolean($ctx:uri.var.clientId) and boolean($ctx:uri.var.accessToken)"
                regex="true">
            <then>
                <filter source="boolean($ctx:uri.var.intervalTime)" regex="false">
                    <then>
                        <property name="uri.var.intervalTime"
                                  value="3000000"/>
                    </then>
                </filter>
                <filter source="boolean(get-property('uri.var.registryPath'))" regex="true">
                    <then>
                        <property name="uri.var.accessTokenRegistryPath"
                                  expression="fn:concat($ctx:uri.var.registryPath, '/accessToken' )"/>
                        <property name="uri.var.timeRegistryPath"
                                  expression="fn:concat($ctx:uri.var.registryPath, '/time' )"/>
                    </then>
                </filter>
                <property name="uri.var.accessToken.reg"
                          expression="get-property('registry', $ctx:uri.var.accessTokenRegistryPath)"/>
                <property name="systemTime" expression="get-property('SYSTEM_TIME')"
                          scope="default"/>
                <filter source="$ctx:uri.var.accessToken.reg=''" regex="true">
                    <then>
                        <script language="js">
                            <![CDATA[
                           importPackage(Packages.org.apache.synapse.config);
                           var newAccess = mc.getProperty('uri.var.accessToken');
                           var newAccessRegistryPath = mc.getProperty('uri.var.accessTokenRegistryPath');
                           var newSysTime = mc.getProperty('systemTime');
                           var newTimeRegistryPath = mc.getProperty('uri.var.timeRegistryPath');
                           if(newAccess != null && newAccess != ''){
                               //Create the registry entry if no such entry exists.
                               mc.getConfiguration().getRegistry().newResource(newAccessRegistryPath,false);
                               mc.getConfiguration().getRegistry().updateResource(newAccessRegistryPath,newAccess);
                               mc.getConfiguration().getRegistry().newResource(newTimeRegistryPath, false);
                               mc.getConfiguration().getRegistry().updateResource(newTimeRegistryPath, newSysTime);
                           }
                           ]]>
                        </script>
                    </then>
                    <else>
                        <property name="uri.var.accessToken"
                                  expression="$ctx:uri.var.accessToken.reg"/>
                    </else>
                </filter>
                <property name="registryTime"
                          expression="get-property('registry', $ctx:uri.var.timeRegistryPath)"/>
                <script language="js"><![CDATA[
                    var time1 = mc.getProperty("systemTime");
                    var time2 = mc.getProperty("registryTime");
                    var timeTaken = time1 - time2;
                    mc.setProperty("INTERVAL_TIME", timeTaken);
                   ]]>
                </script>
                <!--If the access token is not in the registry(first call) or time interval less than 50 minutes , then get a new access token by calling getAccessTokenByRefreshToken method and store the time into registry-->
                <filter source="$ctx:INTERVAL_TIME &gt;$ctx:uri.var.intervalTime or $ctx:uri.var.accessToken=''"
                        regex="true">
                    <then>
                        <salesforcerest.getAccessTokenFromRefreshToken/>
                    </then>
                </filter>
            </then>
        </filter>
        <header name="Authorization"
                expression="fn:concat('Bearer  ', $ctx:uri.var.accessToken )"
                scope="transport"/>
    </sequence>
</template>